{
  "hash": "b816fe42",
  "configHash": "b69e4fa2",
  "lockfileHash": "460092d0",
  "browserHash": "409c1a69",
  "optimized": {
    "@angular/common": {
      "src": "../../../../../../node_modules/@angular/common/fesm2022/common.mjs",
      "file": "@angular_common.js",
      "fileHash": "e4b7907a",
      "needsInterop": false
    },
    "@angular/common/http": {
      "src": "../../../../../../node_modules/@angular/common/fesm2022/http.mjs",
      "file": "@angular_common_http.js",
      "fileHash": "0ec00fa8",
      "needsInterop": false
    },
    "@angular/core": {
      "src": "../../../../../../node_modules/@angular/core/fesm2022/core.mjs",
      "file": "@angular_core.js",
      "fileHash": "d413f2d7",
      "needsInterop": false
    },
    "@angular/forms": {
      "src": "../../../../../../node_modules/@angular/forms/fesm2022/forms.mjs",
      "file": "@angular_forms.js",
      "fileHash": "0f86bc43",
      "needsInterop": false
    },
    "@angular/platform-browser": {
      "src": "../../../../../../node_modules/@angular/platform-browser/fesm2022/platform-browser.mjs",
      "file": "@angular_platform-browser.js",
      "fileHash": "ad902191",
      "needsInterop": false
    },
    "@angular/router": {
      "src": "../../../../../../node_modules/@angular/router/fesm2022/router.mjs",
      "file": "@angular_router.js",
      "fileHash": "e7dc2a9e",
      "needsInterop": false
    },
    "rxjs": {
      "src": "../../../../../../node_modules/rxjs/dist/esm5/index.js",
      "file": "rxjs.js",
      "fileHash": "de9c3244",
      "needsInterop": false
    },
    "rxjs/operators": {
      "src": "../../../../../../node_modules/rxjs/dist/esm5/operators/index.js",
      "file": "rxjs_operators.js",
      "fileHash": "ff7c26d2",
      "needsInterop": false
    }
  },
  "chunks": {
    "chunk-JTD2CBNI": {
      "file": "chunk-JTD2CBNI.js"
    },
    "chunk-GGJXDPDO": {
      "file": "chunk-GGJXDPDO.js"
    },
    "chunk-P4J6OCJS": {
      "file": "chunk-P4J6OCJS.js"
    },
    "chunk-CKYMJIMS": {
      "file": "chunk-CKYMJIMS.js"
    },
    "chunk-C6ZQOQFD": {
      "file": "chunk-C6ZQOQFD.js"
    },
    "chunk-JINMNLB2": {
      "file": "chunk-JINMNLB2.js"
    },
    "chunk-2C44WUKA": {
      "file": "chunk-2C44WUKA.js"
    }
  }
}